lat,lon,value
29.7604267,-95.3698028,1
44.840798,-93.2982799,1
39.9525839,-75.1652215,1
40.3968012,-74.0915982,1
42.3736158,-71.1097335,1
37.3382082,-121.8863286,1
32.7766642,-96.7969879,1
35.2270869,-80.8431267,1
39.7392358,-104.990251,1
37.2709704,-79.9414266,1
33.4483771,-112.0740373,1
35.79154,-78.7811169,1
40.554887,-74.4642861,1
40.7934322,-73.4151214,1
41.8781136,-87.6297982,1
44.8041322,-93.1668858,1
44.2619309,-88.4153847,1
43.0389025,-87.9064736,1
34.1808392,-118.3089661,1
47.6739881,-122.121512,1
42.3636331,-87.8447938,1
40.735657,-74.1723667,1
33.7489954,-84.3879824,1
39.9611755,-82.9987942,1
37.36883,-122.0363496,1
40.4406248,-79.9958864,1
39.7817213,-89.6501481,1
40.0149856,-105.2705456,1
42.098408,-76.0493684,1
41.8239891,-71.4128343,1
40.8853773,-73.9523597,1
36.1539816,-95.992775,1
42.2393323,-87.9653565,1
42.1711365,-87.8445119,1
39.3600586,-84.309939,1
45.1049656,-93.2085582,1
43.0116784,-88.2314813,1
40.3572976,-74.6672226,1
40.787878,-74.3882072,1
40.0756627,-75.4590816,1
37.3541079,-121.9552356,1
42.0333623,-87.8833991,1
35.9940329,-78.898619,1
40.4862157,-74.4518188,1
40.7895453,-74.0565298,1
37.3860517,-122.0838511,1
33.4936391,-117.1483648,1
30.0799405,-95.4171601,1
41.5236437,-90.5776367,1
41.817807,-88.1734021,1
44.977753,-93.2650108,1
38.1074198,-122.5697032,1
38.0171441,-122.2885808,1
42.9854395,-73.7868236,1
32.8140177,-96.9488945,1
33.8358492,-118.3406288,1
40.8652865,-74.4173877,1
38.6270025,-90.1994042,1
30.4582829,-91.1403196,1
25.7616798,-80.1917902,1
39.5473962,-76.6735137,1
39.0997265,-94.5785667,1
37.4323341,-121.8995741,1
37.654656,-122.4077498,1
40.1856597,-75.451571,1
39.768403,-86.158068,1
42.1900249,-87.9084039,1
36.3728538,-94.2088172,1
40.0415996,-75.3698895,1
40.5939636,-74.6049061,1
42.6159285,-70.6619888,1
30.1658207,-95.4612625,1
43.6187102,-116.2146068,1
40.7607793,-111.8910474,1
40.8171184,-89.5679474,1
33.9191799,-118.4164652,1
40.2364486,-83.3671432,1
40.666149,-89.5800978,1
38.232417,-122.6366524,1
42.325578,-87.8411818,1
40.4842027,-88.9936873,1
39.9259463,-75.1196199,1
47.6587802,-117.4260466,1
34.165357,-118.6089752,1
33.4941704,-111.9260519,1
42.4733688,-83.2218731,1
38.9695545,-77.3860976,1
34.0007104,-81.0348144,1
40.744679,-73.9485424,1
40.5695474,-74.6329363,1
40.7127837,-74.0059413,1
40.7281575,-74.0776417,1
38.5890723,-121.302728,1
40.6532076,-80.0794925,1
42.0938577,-86.4895463,1
41.6053266,-81.4534492,1
42.0333607,-88.0834059,1
29.4241219,-98.4936282,1
42.9825633,-77.4088794,1
39.1031182,-84.5120196,1
42.3764852,-71.2356113,1
42.3600825,-71.0588801,1
43.1788967,-88.1173132,1
40.0811745,-82.8087864,1
40.7439905,-74.0323626,1
41.079273,-85.1393513,1
35.0456297,-85.3096801,1
40.9253725,-74.2765441,1
32.715738,-117.1610838,1
44.519159,-88.019826,1
35.4675602,-97.5164276,1
32.7554883,-97.3307658,1
37.5482697,-121.9885719,1
41.0167639,-74.2057011,1
26.1224386,-80.1373174,1
37.5407246,-77.4360481,1
30.267153,-97.7430608,1
36.0998596,-80.244216,1
41.7637111,-72.6850932,1
43.0481221,-76.1474244,1
38.9536174,-94.7335709,1
41.4793072,-73.2133715,1
41.767455,-71.3646694,1
41.8500302,-87.9645077,1
32.9545687,-97.0150078,1
38.9071923,-77.0368707,1
38.984652,-77.0947092,1
41.0534302,-73.5387341,1
39.1434406,-77.2013705,1
45.487062,-122.8037102,1
34.7370639,-82.2542834,1
38.9822282,-94.6707917,1
43.0653446,-76.0785332,1
42.304505,-87.8960712,1
40.6936488,-89.5889864,1
37.7749295,-122.4194155,1
34.9248667,-81.0250784,1
40.0992294,-83.1140771,1
38.2526647,-85.7584557,1
40.0362184,-75.5138118,1
44.9537029,-93.0899578,1
41.117744,-73.4081575,1
47.6062095,-122.3320708,1
41.1264849,-73.7140195,1
41.9487077,-71.0731162,1
42.0722513,-87.7228384,1
43.661471,-70.2553259,1
27.950575,-82.4571776,1
41.5067003,-90.5151342,1
40.0583238,-74.4056612,1
39.2037144,-76.8610462,1
47.6768927,-122.2059833,1
42.7369792,-84.4838654,1
41.3645382,-74.1059775,1
42.9908152,-76.4538491,1
27.8661364,-82.3264809,1
29.7030024,-98.1244531,1
39.7390721,-75.5397878,1
26.3683064,-80.1289321,1
32.5093109,-92.1193012,1
38.2097967,-84.5588311,1
38.5804609,-121.530234,1
41.012833,-81.6051221,1
36.2742207,-87.0641699,1
40.5753817,-74.3223703,1
41.49932,-81.6943605,1
40.6342489,-74.5004796,1
41.2523634,-95.9979883,1
40.8200623,-74.3647247,1
42.279286,-71.4161565,1
45.5228939,-122.989827,1
43.6121087,-116.3915131,1
45.5230622,-122.6764816,1
34.0289259,-84.198579,1
41.2996305,-73.7360175,1
38.5767017,-92.1735164,1
41.010653,-73.9912493,1
47.0378741,-122.9006951,1
41.7003713,-73.9209701,1
33.6411316,-117.9186689,1
37.5585465,-122.2710788,1
35.8991678,-78.8636402,1
42.5372893,-71.5128022,1
33.0198431,-96.6988856,1
37.7799273,-121.9780153,1
42.2917069,-85.5872286,1
41.8525984,-72.6437022,1
38.6631083,-90.5770675,1
32.9483335,-96.7298519,1
42.1275267,-87.8289548,1
42.8864468,-78.8783689,1
41.801141,-88.0747875,1
36.162839,-85.5016423,1
31.7618778,-106.4850217,1
37.5296593,-122.0402399,1
42.0324025,-87.7416246,1
40.6781784,-73.9441579,1
40.1261743,-82.9290696,1
43.8570065,-70.1031201,1
41.6005448,-93.6091064,1
40.7663711,-74.0253715,1
42.050091,-71.8800628,1
35.9382103,-77.7905339,1
42.1167065,-86.4541894,1
42.0697509,-87.7878408,1
36.0726354,-79.7919754,1
33.2148412,-97.1330683,1
42.6525793,-73.7562317,1
42.2586342,-87.840625,1
26.8797819,-80.0533743,1
40.789142,-73.134961,1
42.2528772,-71.0022705,1
41.0886216,-74.1435843,1
40.8206555,-74.2937594,1
26.1003654,-80.3997748,1
41.0467635,-74.0229173,1
30.3321838,-81.655651,1
41.353413,-75.7382478,1
42.3211522,-85.1797142,1
28.5383355,-81.3792365,1
35.7795897,-78.6381787,1
34.0028786,-84.1446376,1
41.0264442,-81.9331974,1
40.497604,-74.4884868,1
42.2808256,-83.7430378,1
26.1275862,-80.2331036,1
21.3069444,-157.8583333,1
42.1969689,-88.0934108,1
43.16103,-77.6109219,1
40.5575986,-74.2846022,1
34.1533395,-118.7616764,1
42.2418172,-70.889759,1
40.8514881,-74.7329411,1
42.1662831,-87.9631308,1
39.6172101,-104.9508141,1
34.0753762,-84.2940899,1
39.9606643,-75.6054882,1
39.6837226,-75.7496572,1
40.6084305,-75.4901833,1
40.0325817,-75.6274583,1
41.4570108,-72.8230736,1
36.1626638,-86.7816016,1
41.9110123,-71.4418101,1
36.9685219,-86.4808043,1
40.1419544,-75.1663153,1
40.6417683,-74.8359987,1
25.8195424,-80.3553302,1
40.3284402,-74.790718,1
40.3977612,-105.0749801,1
41.5519952,-81.4392828,1
34.1425078,-118.255075,1
40.2142565,-77.0085876,1
32.9756415,-96.8899636,1
35.0077519,-97.092877,1
40.9445428,-74.0754189,1
39.6477653,-104.9877597,1
39.9868904,-75.4007058,1
41.0573188,-74.1409771,1
42.9633599,-85.6680863,1
40.7967667,-74.4815438,1
39.9242266,-83.8088171,1
40.7684331,-73.5251253,1
42.5481714,-71.1724467,1
41.143245,-81.8552196,1
41.4828144,-87.3328139,1
45.4942838,-122.8670454,1
34.8526176,-82.3940104,1
38.9586307,-77.3570028,1
47.76095,-122.2055883,1
43.7435343,-70.2601759,1
39.934002,-74.8909988,1
38.5815719,-121.4943996,1
42.3222599,-83.1763145,1
42.331427,-83.0457538,1
40.5294058,-75.3936935,1
37.2934681,-80.0547626,1
42.1620186,-77.0941366,1
39.9567548,-86.01335,1
41.4886892,-75.7085248,1
38.0405837,-84.5037164,1
37.9100783,-122.0651819,1
41.7634219,-72.6128339,1
44.6496868,-93.24272,1
37.5629917,-122.3255254,1
33.7877944,-117.8531119,1
39.4354087,-76.6123884,1
33.8675143,-117.9981181,1
28.7588833,-81.3178446,1
40.3382543,-74.585292,1
40.7920441,-73.5398476,1
25.9860762,-80.3035602,1
34.0514898,-84.0712997,1
29.9510658,-90.0715323,1
41.878711,-71.3825558,1
40.0131418,-75.2304038,1
30.4382559,-84.2807329,1
27.7518284,-82.6267345,1
40.8837406,-74.3059959,1
40.6808726,-74.4310524,1
38.7714396,-90.3709489,1
37.665978,-77.5063739,1
37.6871761,-97.330053,1
33.046233,-96.994174,1
41.085652,-73.8584684,1
40.7351018,-73.6879082,1
40.7151691,-74.6576091,1
40.2983262,-74.618634,1
42.1675254,-87.897014,1
41.0375968,-74.0406956,1
39.3321262,-84.4172666,1
35.823483,-78.8255621,1
42.6875323,-83.2341028,1
40.5868114,-74.6985891,1
42.0629915,-88.1227199,1
40.2170534,-74.7429384,1
39.613321,-105.0166498,1
41.7508391,-88.1535352,1
42.5005583,-90.6645718,1
35.5848596,-80.8100724,1
43.0986742,-77.4419378,1
41.8397865,-87.9535534,1
44.8832982,-93.2830021,1
42.3459271,-71.5522874,1
39.5309389,-76.6458043,1
39.8912248,-74.9218324,1
25.72149,-80.2683838,1
33.6839473,-117.7946942,1
42.2011538,-85.5800022,1
43.2122851,-77.4299939,1
41.394817,-73.4540111,1
40.7878788,-74.0143064,1
41.5628294,-83.6538244,1
37.9715592,-87.5710898,1
34.1069527,-117.9353413,1
42.732535,-84.5555347,1
42.0039178,-87.9703461,1
40.7146376,-74.3646122,1
33.1506744,-96.8236116,1
34.003903,-118.230073,1
41.5083668,-72.9106202,1
26.3184123,-80.0997657,1
40.1672068,-105.1019275,1
40.8928771,-73.9726381,1
39.5296329,-119.8138027,1
33.952602,-84.5499327,1
46.7866719,-92.1004852,1
38.7699175,-90.4667501,1
47.4828776,-122.2170661,1
33.7455731,-117.8678338,1
26.7153424,-80.0533746,1
37.9779776,-122.0310733,1
40.043912,-75.3754599,1
41.2840635,-73.4975412,1
35.0717945,-81.6498195,1
40.6984348,-74.4015405,1
26.640628,-81.8723084,1
41.6475306,-88.0895061,1
34.2284312,-92.0031955,1
38.966673,-94.6169012,1
41.2709274,-73.7776336,1
34.0211224,-118.3964665,1
39.2320029,-84.3782734,1
32.2987573,-90.1848103,1
41.0400135,-73.7144477,1
40.4201165,-74.7146817,1
44.8546856,-93.470786,1
39.0558235,-95.6890185,1
35.1495343,-90.0489801,1
40.7066174,-74.5493284,1
38.6785157,-121.7732971,1
39.8366528,-105.0372046,1
39.2903848,-76.6121893,1
41.9867507,-87.8721602,1
42.0028761,-71.5147839,1
38.3498195,-81.6326234,1
41.7001009,-71.4161671,1
44.0121221,-92.4801989,1
31.1551748,-88.0099997,1
42.3702996,-87.9020186,1
38.6779591,-121.1760583,1
42.9275277,-83.6299518,1
41.6709834,-93.7130493,1
36.9741171,-122.0307963,1
41.7360305,-72.795027,1
44.4905433,-73.1112207,1
40.2842164,-84.1554987,1
40.152593,-76.7502467,1
41.3897764,-81.4412259,1
41.5008673,-90.4442979,1
38.7131073,-90.4298401,1
42.09975,-87.7808967,1
37.4852152,-122.2363548,1
41.0762077,-73.8587461,1
38.8226337,-94.8994355,1
39.9547861,-82.8121191,1
42.5530753,-87.9334118,1
37.4418834,-122.1430195,1
35.3732921,-119.0187125,1
41.8089191,-88.0111746,1
39.4370508,-76.6196915,1
40.1439985,-75.1157286,1
37.8043637,-122.2711137,1
41.3144966,-81.83569,1
33.9562149,-83.9879625,1
32.9265137,-96.8961151,1
33.5206608,-86.80249,1
41.1448219,-102.9774497,1
41.3197763,-81.6267904,1
33.5676842,-117.7256083,1
34.7303688,-86.5861037,1
42.9463291,-71.5132008,1
38.6122751,-90.4634532,1
28.3936186,-81.5386842,1
42.982216,-78.5770812,1
34.1705609,-118.8375937,1
42.960727,-85.4954803,1
37.831316,-122.2852473,1
33.5386523,-112.1859866,1
40.7598227,-74.417097,1
39.9205411,-105.0866504,1
42.8678693,-71.4948322,1
42.2139873,-71.2244987,1
40.2731911,-76.8867008,1
44.4454432,-73.099194,1
41.9220496,-71.5495101,1
40.6975898,-74.2631635,1
25.790654,-80.1300455,1
35.9250637,-86.8688899,1
41.7958639,-87.9756175,1
42.2695216,-71.6161294,1
42.5916684,-83.6003703,1
33.2000368,-117.2425355,1
40.3470543,-74.0643065,1
42.36837,-83.3527097,1
39.4453393,-83.8285375,1
34.1397694,-118.3505779,1
40.6993303,-99.0816784,1
42.245869,-84.4013462,1
34.208254,-118.6058609,1
33.7748275,-84.2963123,1
42.2775281,-71.3468091,1
40.8256561,-73.6981858,1
40.5742696,-74.60988,1
40.0994425,-74.9325683,1
28.8052674,-97.0035982,1
39.755543,-105.2210997,1
61.2180556,-149.9002778,1
38.9784453,-76.4921829,1
39.165325,-86.5263857,1
40.8395922,-74.4818698,1
38.8106075,-90.6998477,1
33.4255104,-111.9400054,1
41.1838878,-96.031127,1
38.3606736,-75.5993692,1
44.3002628,-88.5364954,1
41.0339862,-73.7629097,1
42.7875235,-86.1089301,1
38.8462236,-77.3063733,1
42.5144566,-83.0146526,1
41.3909139,-72.8595447,1
28.0341847,-82.6650992,1
40.833989,-74.0970865,1
43.4553461,-76.5104973,1
42.4989936,-83.3677168,1
33.9519347,-83.357567,1
40.669264,-74.6804,1
41.4644979,-81.5087322,1
38.2009055,-84.8732835,1
28.2441768,-82.7192671,1
35.042036,-89.6645266,1
43.7391616,-87.7817541,1
34.1466467,-118.8073729,1
34.0232431,-84.3615555,1
33.3061605,-111.8412502,1
34.9387279,-82.2270568,1
41.1073183,-73.7959666,1
33.9166805,-117.9000604,1
39.4900013,-76.6585074,1
41.5839823,-73.8087442,1
40.5621704,-111.929658,1
39.4195499,-76.7802528,1
40.8712101,-74.7340523,1
